squishing,squish
undatable,0
incommensurate,0
incommensurable,0
urbanize,0
ungraceful,ungraceless
naturalise,naturalisation
antifeminism,antifeminist
circumcising,circumcised
over,0
blithering,0
vulgarism,vulgarity
inelegance,inelegant
preliterate,illiterate
unfeathered,0
unfledged,0
inabilities,inability
calcify,calcification
disinheritance,disinherit
interwove,interweave
dwarfish,dwarf
autoerotic,autoeroticism
unaccessible,inaccessible
pathless,0
opalescence,iridescent
consubstantial,0
exceedance,exceeding
ruralist,rural 
conjurors,conjuror
analogize,analogy
re-argue,argue
unzipping,unzip
unfasten,0
containerful,0
partible,0
deadness,death
inelasticity,inelastic
interlink,interlinked
intercommunicate,intercommunication
brained,0
autografts,autograft
encrust,encrusted
restrainer,restraint
edgeless,0
extravert,extraverted
extroversive,extraverted
sheikhdoms,0
impotently,impotent
deviationism,0
denominate,0
disfavoring,disfavored
postglacial,post-glacial
postboxes,postbox
maildrop,0
antedating,antedate
chronologize,0
antonymous,antonym
baseness,0
flim-flam,0
illimitable,limitless
transmigrating,transmigration
autobiographer,biographer
wholeheartedness,wholehearted
interlinks,interlinked
hybridise,0
sightedness,sighted
overshoe,0
undiscerning,0
steepen,0
transfuse,0
hyperextension,hyperextend
wheaten,wheat
magnetize,magnetism
macroevolution,evolution
icelandic,Icelandic
luxuriance,luxuriant
irremovable,immovable
macrocosmic,macrocosm
instructorship,instructor
rubberstamp,rubber stamp
cosigns,co-sign
undisputable,indisputable
subserve,0
religionist,religious
warmness,warmth
circumvolution,0
totalism,0
intracerebral,0
disjoined,separated
irreproducible,unreproducible
unrepeatable,nonrepeatable
anamorphosis,0
smoothen,smooth
obtainment,obtain
protraction,protracted
endurable,0
up,0
unattainability,unattainable
subeditor,editor
walloper,wallop
highjacking,highjack
flavourful,flavorsome
reinsured,insured
impoliteness,impolite
initialise,0
reenactor,0
ulcerate,0
macroeconomists,economist
undeviating,unswerving
unsalable,unsaleable
nosiness,nosy
deflowering,deflower
impulsion,0
insatiate,insatiable
interrelate,interrelated
synthetical,synthetic
vaporise,vaporise
mercifulness,merciful
preposed,0
prophetical,prophetic
shouter,shout
nonconscious,unconscious
immoveable,0
unstuff,0
rhythmicity,rhythmic
transvestitism,transvestite
hypervelocity,0
nonindulgent,0
nonverbally,nonverbal
viscometry,viscosity
comfortless,0
therapeutical,therapeutic
transmigrated,0
rhymers,rhym
germanic,Germanic
postposition,0
unicyclist,unicycle
pedaler,pedal 
spatiality,spatial
pastorship,pastor
globalise,globalisation
unrealizable,0
quieten,quiet
transfigure,0
scarceness,scarcity
changeableness,changeable
academicism,academic
algebraist,algebra
encamping,0
orientate,orient
reorientate,reorient
premisses,premise
bluejacket,0
extendible,0
moderatorship,moderator
demureness,demure 
nonperformance,non-performance
reckoner,0
vegetational,vegetation
vocalism,vocalisation
translunar,0
ideality,ideal
momentousness,momentous
affectional,affection
commandership,commander
secluding,secluded
teaspoonful,teaspoon
migrational,migration
unarguable,inarguable
unconcern,unconcerned
carefreeness,carefree 
lustrate,purify
sweetish,sweet
bootless,0
traversals,traversal
posthole,0
unilluminated,0
sternness,0
insurrectional,insurrection
unvaried,0
condescended,condescend
indirectness,0
skillfulness,skillful
shortish,short  
americanize,American
protectorship,0
convector,radiator
outshout,0
microcircuit,0
goldplated,gold-plated
incensing,incense
odorize,0
greenly,green
psychodynamics,0
monoatomic,0
heterosexism,heterosexual
sermonize,0
swooshing,swoosh
interlingua,interlingual
fictitiously,fictitious
delimitations,delimit
nonobservant,unobservant
bewitchment,bewitch
mccarthyism,McCarthyism
rascality,rascal
parallelize,0
fractionate,0
annihilator,annihilate
inconvertible,0
incommutable,0
dissatisfying,unsatisfying
disgruntle,disgruntled
seeders,0
autograft,graft
unassertive,0
heartlessly,heartless
spiritless,0
sensualist,sensualism
epicure,0
unchaste,unchastity
internationality,international
rectorate,rector
short-change,0
unsubdivided,0
translocating,translocate
corespondent,co-respondent
duplicable,0
thatcher,tatcher
adjustor,adjuster
depictive,depiction
hinduism,Hinduism
romanic,Romance
industrialise,0
subsequences,0
expensiveness,expensive
acronymic,acronym
incoordination,uncoordination
unskillful,0
provisionary,provisional
promotive,promote
asphaltic,asphalt
protestantism,Protestantism
emulsifying,emulsify
monogenesis,0
bronchus,0
contraries,contrary
suspiciousness,suspicion
feminised,feminine
vindictively,vindictive
Caesarism,0
managership,manager
christianise,Christianise
differentia,differential
liverpools,0
unparented,0
astronautical,astronaut
receiverships,0
scandalize,scandal
autobuses,0
dematerialised,0
down,0
localise,0
enfolded,envelop
animality,animal
engorge,0
autosuggestion,0
conspicuousness,conspicuous
spangle,spangled
needleworker,needlework
postdated,0
intensions,0
imbedding,embedding
transalpine,alpine
disassociates,0
slavic,Slavic
inexpert,inept
implicational,implication
dissociable,0
univocal,unequivocal
unicycling,unicycle
balminess,0
civilise,0
nobelist,Nobelisst
conjoins,conjoined
cross-link,cross-linked
containership,container ship
artlessness,artless
baptistic,baptism
clericalism,clerical
irresolution,irresolute
buggered,0
bendability,bendable
transfusing,transfuse
circularize,0
interpenetrate,0
spiritize,0
eldership,elder
homophony,homophone
contrarily,contrary
copartnership,partnership
nurturance,nurturing
microvolts,0
asteroidal,asteroid
talkativeness,talkative
communicativeness,communicative
abstractionist,abstraction 
nonrepresentational,0
merchantable,salable
syphons,0
organismal,organism
spiritualize,spiritual
subserving,subserve
combusting,combust
auditive,auditory
florescence,flourescence
separationist,separatist
falsifier,falsify
microcircuits,0
apocalyptical,apocalyptic
unshaped,0
macroeconomist,economist
placidity,placid
confirmable,confirmation
positioners,0
inadvertence,inadvertent
inclosure,enclosure
interlayers,interlayered
microphallus,0
disestablishing,disestablish
slaughterers,slaughter 
autographic,autograph
autoregulation,autoregulate
inharmonious,disharmony
consultive,consultative
distressful,distressing
bastardize,0
unspecialised,0
disarranged,disordered
randomize,randomised
exaction,0
infolding,infold
corpulence,corpulent
fleshiness,fleshy
depressor,0
fruiterer,fruitseller
unionise,union
reclassifications,0
embracement,embrace
autoloading,autoload
literalness,literal
concreteness,0
enfolding,enfolded
antifeminist,anti-feminist
ascendence,ascendent
ropewalker,rope walker
indexical,0
cross-index,0
parasitical,parasite
uncreative,0
microbalance,0
subjoined,appended
reproachful,0
negociate,negotiate
postdates,post-date
about,0
stockers,0
bengali,Bengali
preassembled,pre-assembled
riskless,0
incombustible,inflammable
rareness,rarity
roosted,0
protractors,0
religiousness,religiosity
irregardless,regardless
subtend,0
inapplicability,inapplicable
desiccating,desiccated
transubstantiate,0
unploughed,0
untilled,0
syntaxes,syntax
dissimulate,0
inexpedient,0
londoners,Londoner
predetermination,predetermine
lusterware,lustreware
perfectible,0
emulsify,0
cylindric,cylindrical
animalism,animal
Latinist,Latin
unostentatious,0
snooper,snoop
fieldworker,0
coinsurance,insurance
undissolved,0
unmelted,0
marginality,marginal
sidewinder,0
casteless,0
animalize,animal
reproves,0
allurement,allure
bobbers,0
astringe,0
discountenance,0
procreating,procreate
congruity,congruent
triclinic,0
antitoxic,antitoxin
intragroup,intra-group
concurrency,concurrent
connoting,connote
immigrating,immigrate
enfolding,enfold
insecurities,insecurity
believing,believe
defrayed,defray
inquiring,inquire
enforcing,enforce
trilogies,trilogy
stimuli,stimulus
preassembled,preassemble
chronologize,chronology
submerging,submerge
communistic,communism
knightly,knight
preheating,preheated
inapplicability,inapplicable
besieging,besiege
immobilizing,immobilize
autoimmunity,autoimmune
sternness,stern
princedom,prince
outperforming,outperform
admitting,admit
impossibilities,impossibility